user_id,product_id,event_type,timestamp,query
customer8,asus-zenbook-14-oled,ADD_TO_CART,2026-03-21 08:12:08,
customer5,samsung-galaxy-s24-ultra,SEARCH,2026-03-21 08:23:44,place
customer5,xiaomi-14-pro,CLICK_RELATED,2026-03-21 09:04:13,
customer1,macbook-air-13-m2,CLICK_RELATED,2026-03-21 09:41:59,
customer9,asus-zenbook-14-oled,CHECKOUT_START,2026-03-21 10:14:26,
customer7,samsung-bespoke-4-cửa,VIEW,2026-03-21 10:43:05,
customer5,maybelline-superstay-matte-ink,REVIEW,2026-03-21 10:50:48,
customer2,oppo-find-x7-ultra,CLICK_RELATED,2026-03-21 11:30:37,
customer4,adidas-tiro-track-pants,VIEW,2026-03-21 11:51:37,
customer1,adidas-ultraboost-light,CLICK_RELATED,2026-03-21 14:11:22,
customer5,adidas-ultraboost-light,REVIEW,2026-03-21 14:35:55,
customer2,samsung-bespoke-4-cửa,WISHLIST,2026-03-21 15:18:03,
customer3,uniqlo-airism-cotton-t-shirt,CHECKOUT_START,2026-03-21 16:06:26,
customer6,estee-lauder-double-wear,WISHLIST,2026-03-21 16:50:38,
customer1,adidas-ultraboost-light,ADD_TO_CART,2026-03-21 18:34:57,
customer7,levis-501-original-fit-jeans,SHARE,2026-03-21 19:33:22,
customer8,samsung-galaxy-s24-ultra,RETURN,2026-03-21 21:06:20,
customer7,levis-501-original-fit-jeans,REVIEW,2026-03-21 22:01:10,
customer7,maybelline-superstay-matte-ink,REVIEW,2026-03-21 22:28:12,
customer1,samsung-galaxy-s24-ultra,SEARCH,2026-03-21 23:39:40,old
customer8,samsung-galaxy-s24-ultra,WISHLIST,2026-03-22 00:12:48,
customer3,lenovo-thinkpad-x1-carbon-gen-11,REVIEW,2026-03-22 00:55:24,
customer1,puma-cali-star,CLICK_RELATED,2026-03-22 01:36:38,
customer8,oppo-find-x7-ultra,PURCHASE,2026-03-22 03:49:09,
customer10,loreal-infallible-24h-fresh-wear,PURCHASE,2026-03-22 06:18:45,
customer3,iphone-15-pro-max,PURCHASE,2026-03-22 06:25:17,
customer6,adidas-essentials-3-stripes-tee,CHECKOUT_START,2026-03-22 06:29:08,
customer4,uniqlo-airism-cotton-t-shirt,PURCHASE,2026-03-22 07:28:25,
customer7,macbook-air-13-m2,REVIEW,2026-03-22 07:53:58,
customer4,levis-501-original-fit-jeans,CHECKOUT_START,2026-03-22 08:14:10,
customer3,lg-inverter-side-by-side-635l,REVIEW,2026-03-22 11:18:01,
customer10,nike-dri-fit-academy,ADD_TO_CART,2026-03-22 12:11:13,
customer3,estee-lauder-double-wear,ADD_TO_CART,2026-03-22 12:36:27,
customer3,xiaomi-14-pro,PURCHASE,2026-03-22 12:52:08,
customer10,levis-501-original-fit-jeans,RETURN,2026-03-22 13:38:49,
customer3,nike-air-force-1-07,RETURN,2026-03-22 13:51:51,
customer4,puma-cali-star,CHECKOUT_START,2026-03-22 14:38:45,
customer3,panasonic-inverter-1hp-cucs-pu9wkh-8m,REVIEW,2026-03-22 15:08:51,
customer8,macbook-air-13-m2,WISHLIST,2026-03-22 15:18:20,
customer1,daikin-inverter-15hp-ftkc35vvmv,REVIEW,2026-03-22 15:53:11,
customer2,dell-xps-13-plus,REVIEW,2026-03-22 17:10:02,
customer8,estee-lauder-double-wear,SEARCH,2026-03-22 17:21:53,professor
customer9,mac-matte-lipstick,PURCHASE,2026-03-22 17:32:44,
customer3,loreal-infallible-24h-fresh-wear,WISHLIST,2026-03-22 18:26:44,
customer5,xiaomi-14-pro,VIEW,2026-03-22 19:52:55,
customer2,puma-cali-star,VIEW,2026-03-22 20:19:41,
customer5,oppo-find-x7-ultra,PURCHASE,2026-03-22 20:45:32,
customer3,adidas-tiro-track-pants,PURCHASE,2026-03-22 21:07:44,
customer4,panasonic-inverter-1hp-cucs-pu9wkh-8m,CLICK_RELATED,2026-03-22 21:45:27,
customer1,dell-xps-13-plus,WISHLIST,2026-03-23 01:33:17,
customer9,nike-air-force-1-07,REVIEW,2026-03-23 01:42:18,
customer10,adidas-ultraboost-light,VIEW,2026-03-23 02:29:04,
customer6,dell-xps-13-plus,CLICK_RELATED,2026-03-23 02:51:37,
customer8,oppo-find-x7-ultra,PURCHASE,2026-03-23 04:18:08,
customer9,lg-inverter-side-by-side-635l,CHECKOUT_START,2026-03-23 04:50:48,
customer4,macbook-pro-14-m3,RETURN,2026-03-23 06:01:54,
customer3,loreal-infallible-24h-fresh-wear,SEARCH,2026-03-23 06:10:14,visit
customer7,maybelline-superstay-matte-ink,SHARE,2026-03-23 06:12:37,
customer8,adidas-essentials-3-stripes-tee,CLICK_RELATED,2026-03-23 06:36:09,
customer3,lg-inverter-side-by-side-635l,ADD_TO_CART,2026-03-23 06:38:00,
customer1,panasonic-inverter-1hp-cucs-pu9wkh-8m,CLICK_RELATED,2026-03-23 07:34:42,
customer9,lg-inverter-side-by-side-635l,SEARCH,2026-03-23 08:27:48,foot
customer6,nike-air-force-1-07,SHARE,2026-03-23 10:21:10,
customer1,xiaomi-14-pro,SEARCH,2026-03-23 10:34:56,friend
customer9,xiaomi-14-pro,PURCHASE,2026-03-23 11:05:39,
customer7,maybelline-superstay-matte-ink,CLICK_RELATED,2026-03-23 11:26:36,
customer9,asus-zenbook-14-oled,PURCHASE,2026-03-23 12:45:32,
customer1,estee-lauder-double-wear,CLICK_RELATED,2026-03-23 13:07:07,
customer5,lenovo-thinkpad-x1-carbon-gen-11,RETURN,2026-03-23 13:34:20,
customer2,macbook-air-13-m2,RETURN,2026-03-23 14:37:26,
customer4,adidas-tiro-track-pants,VIEW,2026-03-23 18:08:58,
customer3,lg-inverter-side-by-side-635l,SHARE,2026-03-23 18:14:17,
customer3,adidas-essentials-3-stripes-tee,CHECKOUT_START,2026-03-23 18:18:55,
customer7,loreal-infallible-24h-fresh-wear,VIEW,2026-03-23 18:54:52,
customer1,samsung-bespoke-4-cửa,WISHLIST,2026-03-23 19:35:15,
customer7,xiaomi-14-pro,SEARCH,2026-03-23 19:51:41,Democrat
customer2,nike-dri-fit-academy,ADD_TO_CART,2026-03-23 20:24:48,
customer1,nike-air-force-1-07,ADD_TO_CART,2026-03-23 22:11:18,
customer9,lg-inverter-side-by-side-635l,REVIEW,2026-03-23 22:50:36,
customer9,estee-lauder-double-wear,PURCHASE,2026-03-23 22:52:54,
customer10,lg-inverter-side-by-side-635l,WISHLIST,2026-03-23 23:15:24,
customer5,dell-xps-13-plus,RETURN,2026-03-24 00:54:06,
customer4,xiaomi-14-pro,SHARE,2026-03-24 01:59:56,
customer5,oppo-find-x7-ultra,CHECKOUT_START,2026-03-24 02:19:54,
customer3,samsung-galaxy-s24-ultra,REVIEW,2026-03-24 03:13:01,
customer7,xiaomi-14-pro,REVIEW,2026-03-24 03:52:02,
customer10,nike-air-force-1-07,SEARCH,2026-03-24 04:02:40,community
customer9,samsung-galaxy-s24-ultra,SHARE,2026-03-24 04:19:20,
customer10,lg-inverter-side-by-side-635l,ADD_TO_CART,2026-03-24 05:12:46,
customer5,loreal-infallible-24h-fresh-wear,PURCHASE,2026-03-24 05:54:10,
customer6,nike-dri-fit-academy,RETURN,2026-03-24 06:20:53,
customer5,iphone-15-pro-max,REVIEW,2026-03-24 06:45:00,
customer5,levis-501-original-fit-jeans,ADD_TO_CART,2026-03-24 08:16:27,
customer6,mac-matte-lipstick,CHECKOUT_START,2026-03-24 09:44:40,
customer3,levis-501-original-fit-jeans,REVIEW,2026-03-24 10:19:30,
customer2,loreal-infallible-24h-fresh-wear,REVIEW,2026-03-24 10:33:41,
customer9,nike-air-force-1-07,SEARCH,2026-03-24 11:51:36,institution
customer6,samsung-bespoke-4-cửa,SHARE,2026-03-24 12:50:41,
customer4,xiaomi-14-pro,ADD_TO_CART,2026-03-24 14:54:34,
customer9,panasonic-inverter-1hp-cucs-pu9wkh-8m,SHARE,2026-03-24 15:26:43,
customer8,panasonic-inverter-1hp-cucs-pu9wkh-8m,WISHLIST,2026-03-24 15:33:45,
customer6,levis-501-original-fit-jeans,WISHLIST,2026-03-24 15:40:32,
customer3,nike-dri-fit-academy,ADD_TO_CART,2026-03-24 15:52:37,
customer4,asus-zenbook-14-oled,WISHLIST,2026-03-24 16:04:11,
customer6,mac-matte-lipstick,RETURN,2026-03-24 16:22:04,
customer4,macbook-pro-14-m3,CHECKOUT_START,2026-03-24 16:36:37,
customer6,iphone-15-pro-max,REVIEW,2026-03-24 16:46:01,
customer8,macbook-air-13-m2,ADD_TO_CART,2026-03-24 17:03:50,
customer7,adidas-ultraboost-light,SHARE,2026-03-24 17:15:17,
customer3,iphone-15-pro-max,RETURN,2026-03-24 18:17:03,
customer10,adidas-essentials-3-stripes-tee,SHARE,2026-03-24 18:26:32,
customer7,iphone-15-pro-max,CLICK_RELATED,2026-03-24 18:39:35,
customer3,adidas-tiro-track-pants,SEARCH,2026-03-24 18:55:09,politics
customer6,levis-501-original-fit-jeans,WISHLIST,2026-03-24 18:55:40,
customer4,nike-air-force-1-07,CHECKOUT_START,2026-03-24 20:14:53,
customer1,daikin-inverter-15hp-ftkc35vvmv,CHECKOUT_START,2026-03-24 20:34:49,
customer8,dell-xps-13-plus,PURCHASE,2026-03-24 21:05:03,
customer2,levis-501-original-fit-jeans,CHECKOUT_START,2026-03-24 22:02:29,
customer6,iphone-15-pro-max,CHECKOUT_START,2026-03-24 22:54:38,
customer10,oppo-find-x7-ultra,SHARE,2026-03-24 23:23:41,
customer1,estee-lauder-double-wear,RETURN,2026-03-24 23:33:33,
customer3,estee-lauder-double-wear,ADD_TO_CART,2026-03-25 00:16:18,
customer6,macbook-pro-14-m3,WISHLIST,2026-03-25 02:00:14,
customer6,panasonic-inverter-1hp-cucs-pu9wkh-8m,CLICK_RELATED,2026-03-25 03:29:17,
customer9,dell-xps-13-plus,SHARE,2026-03-25 03:32:17,
customer8,adidas-ultraboost-light,SEARCH,2026-03-25 04:41:37,top
customer5,uniqlo-airism-cotton-t-shirt,RETURN,2026-03-25 05:03:57,
customer6,panasonic-inverter-1hp-cucs-pu9wkh-8m,WISHLIST,2026-03-25 05:18:12,
customer9,samsung-bespoke-4-cửa,SHARE,2026-03-25 05:27:03,
customer2,dell-xps-13-plus,RETURN,2026-03-25 05:36:33,
customer2,asus-zenbook-14-oled,CHECKOUT_START,2026-03-25 06:19:10,
customer5,adidas-tiro-track-pants,ADD_TO_CART,2026-03-25 07:09:25,
customer2,oppo-find-x7-ultra,VIEW,2026-03-25 07:14:49,
customer9,lenovo-thinkpad-x1-carbon-gen-11,CHECKOUT_START,2026-03-25 09:32:07,
customer4,adidas-essentials-3-stripes-tee,RETURN,2026-03-25 10:31:24,
customer6,levis-501-original-fit-jeans,CHECKOUT_START,2026-03-25 10:58:20,
customer7,adidas-essentials-3-stripes-tee,RETURN,2026-03-25 11:28:32,
customer10,loreal-infallible-24h-fresh-wear,CLICK_RELATED,2026-03-25 11:31:22,
customer9,lenovo-thinkpad-x1-carbon-gen-11,RETURN,2026-03-25 12:41:56,
customer6,xiaomi-14-pro,REVIEW,2026-03-25 13:01:13,
customer3,estee-lauder-double-wear,VIEW,2026-03-25 14:19:35,
customer8,iphone-15-pro-max,SHARE,2026-03-25 17:01:44,
customer7,levis-501-original-fit-jeans,RETURN,2026-03-25 17:38:47,
customer7,lg-inverter-side-by-side-635l,SHARE,2026-03-25 18:02:04,
customer2,iphone-15-pro-max,WISHLIST,2026-03-25 18:07:58,
customer3,oppo-find-x7-ultra,RETURN,2026-03-25 19:15:53,
customer5,lg-inverter-side-by-side-635l,CLICK_RELATED,2026-03-25 19:47:10,
customer4,adidas-ultraboost-light,RETURN,2026-03-25 20:08:40,
customer3,maybelline-superstay-matte-ink,CHECKOUT_START,2026-03-25 20:19:33,
customer10,nike-air-force-1-07,SEARCH,2026-03-25 20:23:18,with
customer3,nike-dri-fit-academy,WISHLIST,2026-03-25 20:32:00,
customer10,dell-xps-13-plus,SHARE,2026-03-25 20:53:32,
customer10,lenovo-thinkpad-x1-carbon-gen-11,PURCHASE,2026-03-25 21:37:37,
customer5,samsung-galaxy-s24-ultra,REVIEW,2026-03-26 00:24:43,
customer3,lg-inverter-side-by-side-635l,PURCHASE,2026-03-26 00:39:43,
customer1,xiaomi-14-pro,SEARCH,2026-03-26 01:48:04,apply
customer1,samsung-bespoke-4-cửa,CLICK_RELATED,2026-03-26 02:23:40,
customer10,samsung-bespoke-4-cửa,REVIEW,2026-03-26 03:20:41,
customer3,dell-xps-13-plus,WISHLIST,2026-03-26 03:54:07,
customer2,xiaomi-14-pro,PURCHASE,2026-03-26 04:12:57,
customer10,levis-501-original-fit-jeans,WISHLIST,2026-03-26 04:39:45,
customer1,macbook-air-13-m2,CLICK_RELATED,2026-03-26 04:51:03,
customer8,loreal-infallible-24h-fresh-wear,RETURN,2026-03-26 05:24:16,
customer8,panasonic-inverter-1hp-cucs-pu9wkh-8m,PURCHASE,2026-03-26 06:27:11,
customer1,xiaomi-14-pro,VIEW,2026-03-26 06:48:46,
customer9,macbook-pro-14-m3,RETURN,2026-03-26 07:08:41,
customer2,maybelline-superstay-matte-ink,WISHLIST,2026-03-26 07:15:09,
customer10,adidas-essentials-3-stripes-tee,ADD_TO_CART,2026-03-26 07:29:33,
customer9,macbook-pro-14-m3,CLICK_RELATED,2026-03-26 08:24:59,
customer4,adidas-essentials-3-stripes-tee,RETURN,2026-03-26 09:35:49,
customer10,nike-dri-fit-academy,CHECKOUT_START,2026-03-26 10:41:28,
customer4,macbook-air-13-m2,VIEW,2026-03-26 11:42:25,
customer1,iphone-15-pro-max,CLICK_RELATED,2026-03-26 11:54:45,
customer6,puma-cali-star,REVIEW,2026-03-26 12:26:07,
customer9,mac-matte-lipstick,PURCHASE,2026-03-26 13:40:11,
customer9,nike-dri-fit-academy,PURCHASE,2026-03-26 13:40:25,
customer4,uniqlo-airism-cotton-t-shirt,CLICK_RELATED,2026-03-26 14:01:39,
customer6,uniqlo-airism-cotton-t-shirt,VIEW,2026-03-26 15:02:13,
customer10,iphone-15-pro-max,ADD_TO_CART,2026-03-26 15:28:47,
customer10,macbook-pro-14-m3,CLICK_RELATED,2026-03-26 17:26:22,
customer9,puma-cali-star,RETURN,2026-03-26 17:41:49,
customer6,macbook-pro-14-m3,PURCHASE,2026-03-26 18:03:53,
customer9,levis-501-original-fit-jeans,PURCHASE,2026-03-26 18:04:19,
customer8,panasonic-inverter-1hp-cucs-pu9wkh-8m,CLICK_RELATED,2026-03-26 19:55:16,
customer9,uniqlo-airism-cotton-t-shirt,CLICK_RELATED,2026-03-26 20:39:02,
customer8,nike-dri-fit-academy,ADD_TO_CART,2026-03-26 21:00:10,
customer4,nike-dri-fit-academy,VIEW,2026-03-26 21:10:11,
customer4,lenovo-thinkpad-x1-carbon-gen-11,WISHLIST,2026-03-26 21:11:30,
customer4,samsung-galaxy-s24-ultra,ADD_TO_CART,2026-03-26 21:27:12,
customer1,nike-air-force-1-07,WISHLIST,2026-03-26 22:06:44,
customer4,iphone-15-pro-max,CHECKOUT_START,2026-03-26 22:12:48,
customer9,lg-inverter-side-by-side-635l,WISHLIST,2026-03-26 22:27:59,
customer2,levis-501-original-fit-jeans,CLICK_RELATED,2026-03-26 22:47:16,
customer5,daikin-inverter-15hp-ftkc35vvmv,CLICK_RELATED,2026-03-27 00:35:14,
customer2,levis-501-original-fit-jeans,SEARCH,2026-03-27 01:44:07,open
customer10,macbook-air-13-m2,CLICK_RELATED,2026-03-27 03:01:14,
customer3,samsung-galaxy-s24-ultra,REVIEW,2026-03-27 03:24:26,
customer3,nike-dri-fit-academy,CHECKOUT_START,2026-03-27 04:42:34,
customer7,macbook-air-13-m2,CLICK_RELATED,2026-03-27 04:46:07,
customer9,adidas-ultraboost-light,ADD_TO_CART,2026-03-27 05:07:20,
customer7,samsung-bespoke-4-cửa,ADD_TO_CART,2026-03-27 05:12:03,
customer5,maybelline-superstay-matte-ink,SEARCH,2026-03-27 08:36:43,management
customer3,samsung-bespoke-4-cửa,ADD_TO_CART,2026-03-27 08:55:42,
customer1,asus-zenbook-14-oled,PURCHASE,2026-03-27 09:09:44,
customer4,iphone-15-pro-max,CHECKOUT_START,2026-03-27 10:15:03,
customer4,samsung-galaxy-s24-ultra,PURCHASE,2026-03-27 10:47:15,
customer2,nike-air-force-1-07,SEARCH,2026-03-27 10:49:01,morning
customer8,lg-inverter-side-by-side-635l,RETURN,2026-03-27 10:51:20,
customer6,levis-501-original-fit-jeans,REVIEW,2026-03-27 11:12:33,
customer8,samsung-galaxy-s24-ultra,CHECKOUT_START,2026-03-27 12:01:49,
customer8,samsung-bespoke-4-cửa,VIEW,2026-03-27 12:25:35,
customer4,macbook-air-13-m2,ADD_TO_CART,2026-03-27 13:18:58,
customer3,asus-zenbook-14-oled,REVIEW,2026-03-27 16:08:43,
customer6,adidas-ultraboost-light,CHECKOUT_START,2026-03-27 16:12:49,
customer6,nike-dri-fit-academy,RETURN,2026-03-27 16:22:15,
customer2,estee-lauder-double-wear,REVIEW,2026-03-27 17:53:02,
customer10,mac-matte-lipstick,SEARCH,2026-03-27 18:03:09,worker
customer9,macbook-air-13-m2,ADD_TO_CART,2026-03-27 19:04:50,
customer9,macbook-air-13-m2,PURCHASE,2026-03-27 20:11:23,
customer2,maybelline-superstay-matte-ink,CHECKOUT_START,2026-03-27 21:49:50,
customer8,puma-cali-star,VIEW,2026-03-27 22:46:23,
customer9,estee-lauder-double-wear,RETURN,2026-03-28 00:53:51,
customer10,levis-501-original-fit-jeans,RETURN,2026-03-28 00:56:48,
customer3,xiaomi-14-pro,RETURN,2026-03-28 02:18:10,
customer8,macbook-pro-14-m3,ADD_TO_CART,2026-03-28 02:24:38,
customer2,adidas-essentials-3-stripes-tee,PURCHASE,2026-03-28 03:03:13,
customer2,adidas-ultraboost-light,SHARE,2026-03-28 05:26:48,
customer3,dell-xps-13-plus,REVIEW,2026-03-28 06:11:12,
customer7,uniqlo-airism-cotton-t-shirt,SEARCH,2026-03-28 07:40:57,it
customer8,puma-cali-star,WISHLIST,2026-03-28 08:14:58,
customer10,dell-xps-13-plus,ADD_TO_CART,2026-03-28 11:24:33,
customer9,mac-matte-lipstick,RETURN,2026-03-28 11:39:45,
customer6,adidas-essentials-3-stripes-tee,WISHLIST,2026-03-28 12:16:16,
customer8,daikin-inverter-15hp-ftkc35vvmv,VIEW,2026-03-28 12:51:20,
customer1,estee-lauder-double-wear,WISHLIST,2026-03-28 13:18:52,
customer5,levis-501-original-fit-jeans,CLICK_RELATED,2026-03-28 13:23:24,
customer5,nike-dri-fit-academy,PURCHASE,2026-03-28 13:33:26,
customer3,loreal-infallible-24h-fresh-wear,WISHLIST,2026-03-28 15:27:35,
customer3,macbook-pro-14-m3,REVIEW,2026-03-28 16:30:15,
customer2,panasonic-inverter-1hp-cucs-pu9wkh-8m,VIEW,2026-03-28 16:56:41,
customer7,adidas-essentials-3-stripes-tee,CHECKOUT_START,2026-03-28 17:16:03,
customer4,samsung-galaxy-s24-ultra,PURCHASE,2026-03-28 17:45:37,
customer10,maybelline-superstay-matte-ink,PURCHASE,2026-03-28 17:48:00,
customer9,dell-xps-13-plus,SEARCH,2026-03-28 17:48:08,product
customer4,adidas-essentials-3-stripes-tee,CHECKOUT_START,2026-03-28 17:58:37,
customer5,levis-501-original-fit-jeans,REVIEW,2026-03-28 19:07:07,
customer5,adidas-tiro-track-pants,SHARE,2026-03-28 19:34:23,
customer5,adidas-ultraboost-light,SHARE,2026-03-28 19:47:49,
customer4,adidas-ultraboost-light,RETURN,2026-03-28 20:04:50,
customer6,panasonic-inverter-1hp-cucs-pu9wkh-8m,WISHLIST,2026-03-28 20:50:21,
customer2,adidas-essentials-3-stripes-tee,SHARE,2026-03-28 20:52:34,
customer1,asus-zenbook-14-oled,SHARE,2026-03-28 22:06:11,
customer9,xiaomi-14-pro,SEARCH,2026-03-28 22:42:51,education
customer7,macbook-pro-14-m3,ADD_TO_CART,2026-03-28 23:09:06,
customer9,estee-lauder-double-wear,CHECKOUT_START,2026-03-28 23:31:04,
customer2,oppo-find-x7-ultra,ADD_TO_CART,2026-03-28 23:59:47,
customer10,samsung-galaxy-s24-ultra,CHECKOUT_START,2026-03-29 00:15:12,
customer3,loreal-infallible-24h-fresh-wear,PURCHASE,2026-03-29 01:09:42,
customer3,levis-501-original-fit-jeans,SHARE,2026-03-29 01:12:30,
customer3,mac-matte-lipstick,CLICK_RELATED,2026-03-29 01:44:45,
customer6,asus-zenbook-14-oled,CHECKOUT_START,2026-03-29 02:07:19,
customer6,adidas-tiro-track-pants,SHARE,2026-03-29 03:06:14,
customer9,adidas-tiro-track-pants,PURCHASE,2026-03-29 03:56:51,
customer7,maybelline-superstay-matte-ink,CLICK_RELATED,2026-03-29 03:59:09,
customer6,panasonic-inverter-1hp-cucs-pu9wkh-8m,REVIEW,2026-03-29 05:03:27,
customer10,dell-xps-13-plus,REVIEW,2026-03-29 05:14:06,
customer9,samsung-bespoke-4-cửa,SEARCH,2026-03-29 06:31:49,foreign
customer5,lenovo-thinkpad-x1-carbon-gen-11,RETURN,2026-03-29 08:01:13,
customer8,asus-zenbook-14-oled,SHARE,2026-03-29 08:06:58,
customer2,lenovo-thinkpad-x1-carbon-gen-11,REVIEW,2026-03-29 09:02:36,
customer5,iphone-15-pro-max,CHECKOUT_START,2026-03-29 09:29:45,
customer7,adidas-ultraboost-light,RETURN,2026-03-29 11:13:04,
customer6,adidas-ultraboost-light,RETURN,2026-03-29 13:26:03,
customer4,lg-inverter-side-by-side-635l,WISHLIST,2026-03-29 15:07:13,
customer1,mac-matte-lipstick,RETURN,2026-03-29 18:14:12,
customer8,oppo-find-x7-ultra,PURCHASE,2026-03-29 18:29:09,
customer1,lg-inverter-side-by-side-635l,CLICK_RELATED,2026-03-29 19:50:29,
customer9,mac-matte-lipstick,SHARE,2026-03-29 20:39:08,
customer5,adidas-essentials-3-stripes-tee,VIEW,2026-03-29 20:56:37,
customer8,macbook-air-13-m2,CHECKOUT_START,2026-03-29 22:00:37,
customer5,estee-lauder-double-wear,SHARE,2026-03-29 23:46:33,
customer8,uniqlo-airism-cotton-t-shirt,CLICK_RELATED,2026-03-29 23:52:26,
customer6,asus-zenbook-14-oled,ADD_TO_CART,2026-03-30 00:41:59,
customer6,samsung-bespoke-4-cửa,VIEW,2026-03-30 00:47:38,
customer8,macbook-air-13-m2,ADD_TO_CART,2026-03-30 03:10:46,
customer1,nike-dri-fit-academy,WISHLIST,2026-03-30 03:27:32,
customer5,maybelline-superstay-matte-ink,ADD_TO_CART,2026-03-30 03:35:17,
customer5,samsung-galaxy-s24-ultra,REVIEW,2026-03-30 05:30:30,
customer9,daikin-inverter-15hp-ftkc35vvmv,REVIEW,2026-03-30 06:31:43,
customer3,iphone-15-pro-max,WISHLIST,2026-03-30 07:26:40,
customer8,samsung-bespoke-4-cửa,SHARE,2026-03-30 08:13:52,
customer6,adidas-tiro-track-pants,REVIEW,2026-03-30 10:16:44,
customer1,dell-xps-13-plus,SHARE,2026-03-30 11:31:31,
customer7,adidas-essentials-3-stripes-tee,SHARE,2026-03-30 12:58:35,
customer8,panasonic-inverter-1hp-cucs-pu9wkh-8m,CHECKOUT_START,2026-03-30 13:11:14,
customer9,adidas-tiro-track-pants,VIEW,2026-03-30 13:20:19,
customer5,panasonic-inverter-1hp-cucs-pu9wkh-8m,RETURN,2026-03-30 13:34:23,
customer7,adidas-essentials-3-stripes-tee,PURCHASE,2026-03-30 13:48:23,
customer2,panasonic-inverter-1hp-cucs-pu9wkh-8m,ADD_TO_CART,2026-03-30 14:19:34,
customer9,estee-lauder-double-wear,WISHLIST,2026-03-30 14:53:27,
customer2,adidas-essentials-3-stripes-tee,PURCHASE,2026-03-30 14:56:53,
customer3,xiaomi-14-pro,WISHLIST,2026-03-30 15:14:21,
customer5,asus-zenbook-14-oled,CLICK_RELATED,2026-03-30 15:45:42,
customer7,asus-zenbook-14-oled,CLICK_RELATED,2026-03-30 16:06:23,
customer10,xiaomi-14-pro,SHARE,2026-03-30 16:44:31,
customer7,adidas-ultraboost-light,REVIEW,2026-03-30 17:53:34,
customer3,asus-zenbook-14-oled,WISHLIST,2026-03-30 18:15:46,
customer6,adidas-essentials-3-stripes-tee,WISHLIST,2026-03-30 21:17:31,
customer8,levis-501-original-fit-jeans,REVIEW,2026-03-30 22:12:19,
customer5,dell-xps-13-plus,WISHLIST,2026-03-30 22:48:01,
customer8,macbook-pro-14-m3,ADD_TO_CART,2026-03-30 23:28:39,
customer5,lenovo-thinkpad-x1-carbon-gen-11,REVIEW,2026-03-30 23:43:57,
customer2,lenovo-thinkpad-x1-carbon-gen-11,VIEW,2026-03-31 00:00:05,
customer4,adidas-essentials-3-stripes-tee,CLICK_RELATED,2026-03-31 00:14:55,
customer4,levis-501-original-fit-jeans,CLICK_RELATED,2026-03-31 02:05:14,
customer5,asus-zenbook-14-oled,SHARE,2026-03-31 04:56:15,
customer10,dell-xps-13-plus,SHARE,2026-03-31 05:42:31,
customer4,adidas-essentials-3-stripes-tee,REVIEW,2026-03-31 08:42:32,
customer4,estee-lauder-double-wear,REVIEW,2026-03-31 09:49:11,
customer8,iphone-15-pro-max,CLICK_RELATED,2026-03-31 11:49:22,
customer7,macbook-air-13-m2,PURCHASE,2026-03-31 12:29:10,
customer7,levis-501-original-fit-jeans,SEARCH,2026-03-31 12:36:36,law
customer8,macbook-air-13-m2,REVIEW,2026-03-31 13:07:50,
customer6,adidas-essentials-3-stripes-tee,VIEW,2026-03-31 13:32:32,
customer3,samsung-galaxy-s24-ultra,RETURN,2026-03-31 13:35:29,
customer4,uniqlo-airism-cotton-t-shirt,SEARCH,2026-03-31 14:19:53,look
customer10,mac-matte-lipstick,WISHLIST,2026-03-31 14:29:32,
customer4,iphone-15-pro-max,PURCHASE,2026-03-31 14:52:01,
customer9,uniqlo-airism-cotton-t-shirt,CLICK_RELATED,2026-03-31 16:04:19,
customer9,lenovo-thinkpad-x1-carbon-gen-11,ADD_TO_CART,2026-03-31 16:42:34,
customer9,mac-matte-lipstick,SHARE,2026-03-31 16:45:47,
customer9,lenovo-thinkpad-x1-carbon-gen-11,ADD_TO_CART,2026-03-31 17:00:09,
customer7,adidas-ultraboost-light,RETURN,2026-03-31 17:20:00,
customer4,puma-cali-star,RETURN,2026-03-31 18:35:17,
customer3,loreal-infallible-24h-fresh-wear,PURCHASE,2026-03-31 19:50:08,
customer3,dell-xps-13-plus,CLICK_RELATED,2026-03-31 21:22:09,
customer10,macbook-air-13-m2,SEARCH,2026-03-31 21:40:35,make
customer10,samsung-bespoke-4-cửa,WISHLIST,2026-03-31 22:27:40,
customer1,iphone-15-pro-max,PURCHASE,2026-03-31 22:41:52,
customer4,samsung-galaxy-s24-ultra,VIEW,2026-03-31 23:15:23,
customer10,panasonic-inverter-1hp-cucs-pu9wkh-8m,ADD_TO_CART,2026-03-31 23:22:27,
customer10,maybelline-superstay-matte-ink,VIEW,2026-03-31 23:35:58,
customer2,macbook-pro-14-m3,VIEW,2026-04-01 00:18:04,
customer4,dell-xps-13-plus,SEARCH,2026-04-01 00:33:40,list
customer6,loreal-infallible-24h-fresh-wear,WISHLIST,2026-04-01 00:40:32,
customer9,nike-air-force-1-07,PURCHASE,2026-04-01 01:54:28,
customer2,xiaomi-14-pro,REVIEW,2026-04-01 02:53:00,
customer4,adidas-essentials-3-stripes-tee,CLICK_RELATED,2026-04-01 03:27:15,
customer1,macbook-pro-14-m3,ADD_TO_CART,2026-04-01 03:47:19,
customer1,nike-dri-fit-academy,VIEW,2026-04-01 04:58:01,
customer5,mac-matte-lipstick,CLICK_RELATED,2026-04-01 05:27:17,
customer7,adidas-essentials-3-stripes-tee,REVIEW,2026-04-01 05:31:14,
customer3,lg-inverter-side-by-side-635l,SEARCH,2026-04-01 05:31:28,thought
customer4,maybelline-superstay-matte-ink,PURCHASE,2026-04-01 05:39:05,
customer5,adidas-tiro-track-pants,WISHLIST,2026-04-01 06:40:26,
customer10,nike-dri-fit-academy,PURCHASE,2026-04-01 08:45:59,
customer8,xiaomi-14-pro,CHECKOUT_START,2026-04-01 08:46:12,
customer4,puma-cali-star,SHARE,2026-04-01 08:53:50,
customer8,loreal-infallible-24h-fresh-wear,PURCHASE,2026-04-01 09:15:00,
customer8,adidas-essentials-3-stripes-tee,ADD_TO_CART,2026-04-01 10:26:44,
customer7,lg-inverter-side-by-side-635l,SEARCH,2026-04-01 10:27:57,author
customer3,oppo-find-x7-ultra,REVIEW,2026-04-01 10:35:23,
customer4,xiaomi-14-pro,SEARCH,2026-04-01 11:49:57,per
customer10,panasonic-inverter-1hp-cucs-pu9wkh-8m,SEARCH,2026-04-01 12:19:32,camera
customer5,estee-lauder-double-wear,PURCHASE,2026-04-01 13:10:06,
customer1,loreal-infallible-24h-fresh-wear,ADD_TO_CART,2026-04-01 13:25:07,
customer9,oppo-find-x7-ultra,VIEW,2026-04-01 14:47:56,
customer2,samsung-bespoke-4-cửa,PURCHASE,2026-04-01 14:57:01,
customer1,macbook-pro-14-m3,CLICK_RELATED,2026-04-01 15:41:16,
customer6,puma-cali-star,WISHLIST,2026-04-01 15:50:57,
customer5,dell-xps-13-plus,SHARE,2026-04-01 16:56:03,
customer1,daikin-inverter-15hp-ftkc35vvmv,SHARE,2026-04-01 17:15:23,
customer7,lg-inverter-side-by-side-635l,SHARE,2026-04-01 17:22:16,
customer3,panasonic-inverter-1hp-cucs-pu9wkh-8m,ADD_TO_CART,2026-04-01 17:45:42,
customer7,maybelline-superstay-matte-ink,CLICK_RELATED,2026-04-01 19:07:53,
customer10,panasonic-inverter-1hp-cucs-pu9wkh-8m,RETURN,2026-04-01 19:32:54,
customer3,asus-zenbook-14-oled,REVIEW,2026-04-01 21:01:29,
customer1,dell-xps-13-plus,VIEW,2026-04-01 21:39:16,
customer1,lenovo-thinkpad-x1-carbon-gen-11,PURCHASE,2026-04-01 21:49:07,
customer6,lg-inverter-side-by-side-635l,RETURN,2026-04-01 21:57:29,
customer10,panasonic-inverter-1hp-cucs-pu9wkh-8m,CHECKOUT_START,2026-04-01 22:28:15,
customer9,adidas-ultraboost-light,VIEW,2026-04-01 22:31:52,
customer6,macbook-air-13-m2,REVIEW,2026-04-01 22:42:41,
customer4,iphone-15-pro-max,PURCHASE,2026-04-01 23:43:37,
customer5,daikin-inverter-15hp-ftkc35vvmv,SEARCH,2026-04-02 00:21:54,unit
customer5,lenovo-thinkpad-x1-carbon-gen-11,RETURN,2026-04-02 00:55:46,
customer2,macbook-air-13-m2,WISHLIST,2026-04-02 02:40:10,
customer7,puma-cali-star,SEARCH,2026-04-02 02:50:30,still
customer9,panasonic-inverter-1hp-cucs-pu9wkh-8m,CHECKOUT_START,2026-04-02 03:12:01,
customer1,estee-lauder-double-wear,PURCHASE,2026-04-02 03:51:03,
customer6,adidas-tiro-track-pants,CHECKOUT_START,2026-04-02 03:59:30,
customer8,xiaomi-14-pro,PURCHASE,2026-04-02 04:20:29,
customer10,xiaomi-14-pro,SEARCH,2026-04-02 04:57:17,common
customer1,nike-air-force-1-07,RETURN,2026-04-02 04:59:30,
customer10,nike-air-force-1-07,SHARE,2026-04-02 05:02:56,
customer7,loreal-infallible-24h-fresh-wear,ADD_TO_CART,2026-04-02 05:45:07,
customer8,adidas-ultraboost-light,CLICK_RELATED,2026-04-02 06:35:28,
customer3,iphone-15-pro-max,SHARE,2026-04-02 07:04:16,
customer6,adidas-tiro-track-pants,SEARCH,2026-04-02 07:47:04,though
customer5,asus-zenbook-14-oled,WISHLIST,2026-04-02 07:50:07,
customer9,puma-cali-star,WISHLIST,2026-04-02 08:33:37,
customer1,daikin-inverter-15hp-ftkc35vvmv,WISHLIST,2026-04-02 08:51:54,
customer7,estee-lauder-double-wear,VIEW,2026-04-02 08:53:34,
customer6,panasonic-inverter-1hp-cucs-pu9wkh-8m,SHARE,2026-04-02 09:26:06,
customer5,daikin-inverter-15hp-ftkc35vvmv,WISHLIST,2026-04-02 10:03:59,
customer8,nike-air-force-1-07,WISHLIST,2026-04-02 10:27:09,
customer4,dell-xps-13-plus,REVIEW,2026-04-02 10:46:30,
customer1,adidas-tiro-track-pants,RETURN,2026-04-02 11:25:45,
customer9,loreal-infallible-24h-fresh-wear,REVIEW,2026-04-02 12:18:24,
customer5,levis-501-original-fit-jeans,RETURN,2026-04-02 12:38:09,
customer1,adidas-essentials-3-stripes-tee,CHECKOUT_START,2026-04-02 12:38:53,
customer1,puma-cali-star,REVIEW,2026-04-02 13:38:49,
customer10,nike-dri-fit-academy,CHECKOUT_START,2026-04-02 13:53:17,
customer3,puma-cali-star,ADD_TO_CART,2026-04-02 16:30:09,
customer6,puma-cali-star,CHECKOUT_START,2026-04-02 18:16:29,
customer10,samsung-galaxy-s24-ultra,PURCHASE,2026-04-02 20:43:54,
customer6,iphone-15-pro-max,PURCHASE,2026-04-02 21:42:34,
customer4,loreal-infallible-24h-fresh-wear,REVIEW,2026-04-02 22:50:00,
customer1,oppo-find-x7-ultra,REVIEW,2026-04-02 23:32:36,
customer2,dell-xps-13-plus,CLICK_RELATED,2026-04-03 00:04:01,
customer10,puma-cali-star,PURCHASE,2026-04-03 00:55:46,
customer6,macbook-air-13-m2,PURCHASE,2026-04-03 01:50:44,
customer9,samsung-galaxy-s24-ultra,WISHLIST,2026-04-03 02:35:59,
customer8,macbook-pro-14-m3,RETURN,2026-04-03 03:17:34,
customer7,levis-501-original-fit-jeans,REVIEW,2026-04-03 03:51:16,
customer8,oppo-find-x7-ultra,CHECKOUT_START,2026-04-03 03:55:06,
customer9,adidas-ultraboost-light,ADD_TO_CART,2026-04-03 03:57:28,
customer4,adidas-tiro-track-pants,CLICK_RELATED,2026-04-03 04:03:52,
customer8,asus-zenbook-14-oled,VIEW,2026-04-03 04:20:13,
customer4,xiaomi-14-pro,ADD_TO_CART,2026-04-03 04:30:12,
customer9,samsung-galaxy-s24-ultra,CLICK_RELATED,2026-04-03 04:32:34,
customer4,maybelline-superstay-matte-ink,REVIEW,2026-04-03 04:42:37,
customer6,mac-matte-lipstick,WISHLIST,2026-04-03 04:42:48,
customer8,samsung-bespoke-4-cửa,RETURN,2026-04-03 05:01:12,
customer9,daikin-inverter-15hp-ftkc35vvmv,ADD_TO_CART,2026-04-03 05:11:34,
customer4,nike-air-force-1-07,SEARCH,2026-04-03 05:12:49,the
customer5,nike-dri-fit-academy,PURCHASE,2026-04-03 06:34:50,
customer4,iphone-15-pro-max,REVIEW,2026-04-03 06:36:11,
customer8,adidas-ultraboost-light,SHARE,2026-04-03 06:46:52,
customer4,maybelline-superstay-matte-ink,PURCHASE,2026-04-03 06:52:21,
customer1,samsung-galaxy-s24-ultra,RETURN,2026-04-03 07:00:29,
customer3,asus-zenbook-14-oled,ADD_TO_CART,2026-04-03 07:40:12,
customer1,adidas-ultraboost-light,PURCHASE,2026-04-03 08:25:58,
customer2,levis-501-original-fit-jeans,SHARE,2026-04-03 09:43:57,
customer4,puma-cali-star,VIEW,2026-04-03 10:23:53,
customer2,panasonic-inverter-1hp-cucs-pu9wkh-8m,WISHLIST,2026-04-03 11:22:11,
customer10,xiaomi-14-pro,SHARE,2026-04-03 12:18:01,
customer6,mac-matte-lipstick,RETURN,2026-04-03 12:55:09,
customer10,iphone-15-pro-max,WISHLIST,2026-04-03 13:02:17,
customer8,mac-matte-lipstick,SHARE,2026-04-03 13:43:19,
customer9,xiaomi-14-pro,PURCHASE,2026-04-03 14:17:33,
customer8,oppo-find-x7-ultra,CHECKOUT_START,2026-04-03 15:19:31,
customer6,nike-air-force-1-07,SHARE,2026-04-03 15:39:31,
customer10,mac-matte-lipstick,RETURN,2026-04-03 16:09:42,
customer1,loreal-infallible-24h-fresh-wear,VIEW,2026-04-03 17:34:51,
customer2,adidas-ultraboost-light,ADD_TO_CART,2026-04-03 17:36:20,
customer7,daikin-inverter-15hp-ftkc35vvmv,REVIEW,2026-04-03 17:52:29,
customer7,asus-zenbook-14-oled,VIEW,2026-04-03 18:05:06,
customer8,adidas-tiro-track-pants,WISHLIST,2026-04-03 18:49:14,
customer7,macbook-pro-14-m3,ADD_TO_CART,2026-04-03 19:35:31,
customer6,samsung-bespoke-4-cửa,ADD_TO_CART,2026-04-03 19:48:19,
customer7,puma-cali-star,WISHLIST,2026-04-03 19:50:42,
customer6,iphone-15-pro-max,SEARCH,2026-04-03 19:55:18,soldier
customer2,adidas-essentials-3-stripes-tee,RETURN,2026-04-03 20:10:44,
customer5,panasonic-inverter-1hp-cucs-pu9wkh-8m,SHARE,2026-04-03 20:15:29,
customer1,mac-matte-lipstick,SHARE,2026-04-03 20:19:31,
customer5,lg-inverter-side-by-side-635l,WISHLIST,2026-04-03 20:42:15,
customer1,adidas-ultraboost-light,REVIEW,2026-04-03 20:56:01,
customer5,adidas-tiro-track-pants,CHECKOUT_START,2026-04-03 21:33:18,
customer6,maybelline-superstay-matte-ink,REVIEW,2026-04-03 23:59:57,
customer1,iphone-15-pro-max,SHARE,2026-04-04 01:07:12,
customer9,puma-cali-star,CHECKOUT_START,2026-04-04 01:15:38,
customer3,nike-air-force-1-07,WISHLIST,2026-04-04 01:26:48,
customer9,nike-dri-fit-academy,ADD_TO_CART,2026-04-04 02:21:52,
customer2,panasonic-inverter-1hp-cucs-pu9wkh-8m,CHECKOUT_START,2026-04-04 03:00:31,
customer1,iphone-15-pro-max,CLICK_RELATED,2026-04-04 03:45:49,
customer1,nike-dri-fit-academy,REVIEW,2026-04-04 04:04:07,
customer2,adidas-ultraboost-light,REVIEW,2026-04-04 04:37:36,
customer8,nike-air-force-1-07,ADD_TO_CART,2026-04-04 06:00:29,
customer6,loreal-infallible-24h-fresh-wear,ADD_TO_CART,2026-04-04 06:33:00,
customer8,lenovo-thinkpad-x1-carbon-gen-11,SHARE,2026-04-04 07:18:27,
customer9,xiaomi-14-pro,RETURN,2026-04-04 07:23:45,
customer1,mac-matte-lipstick,SHARE,2026-04-04 07:31:39,
customer5,daikin-inverter-15hp-ftkc35vvmv,CHECKOUT_START,2026-04-04 07:59:06,
customer8,asus-zenbook-14-oled,CLICK_RELATED,2026-04-04 08:53:27,
customer5,samsung-galaxy-s24-ultra,WISHLIST,2026-04-04 11:46:22,
customer2,samsung-galaxy-s24-ultra,CHECKOUT_START,2026-04-04 12:05:35,
customer8,oppo-find-x7-ultra,RETURN,2026-04-04 13:18:24,
customer1,mac-matte-lipstick,RETURN,2026-04-04 13:40:54,
customer10,levis-501-original-fit-jeans,PURCHASE,2026-04-04 14:32:19,
customer5,xiaomi-14-pro,PURCHASE,2026-04-04 16:11:33,
customer4,adidas-tiro-track-pants,VIEW,2026-04-04 16:52:53,
customer9,oppo-find-x7-ultra,WISHLIST,2026-04-04 17:25:08,
customer3,maybelline-superstay-matte-ink,REVIEW,2026-04-04 18:10:15,
customer5,loreal-infallible-24h-fresh-wear,PURCHASE,2026-04-04 19:26:34,
customer7,mac-matte-lipstick,REVIEW,2026-04-04 19:34:19,
customer7,asus-zenbook-14-oled,WISHLIST,2026-04-04 19:38:18,
customer10,xiaomi-14-pro,CHECKOUT_START,2026-04-04 20:31:51,
customer9,xiaomi-14-pro,RETURN,2026-04-04 21:15:04,
customer5,adidas-tiro-track-pants,WISHLIST,2026-04-04 21:37:48,
customer3,nike-air-force-1-07,WISHLIST,2026-04-04 22:21:41,
customer7,maybelline-superstay-matte-ink,REVIEW,2026-04-04 23:05:55,
customer6,macbook-air-13-m2,CHECKOUT_START,2026-04-04 23:53:48,
customer6,oppo-find-x7-ultra,RETURN,2026-04-05 00:11:14,
customer7,adidas-essentials-3-stripes-tee,WISHLIST,2026-04-05 01:46:09,
customer1,mac-matte-lipstick,ADD_TO_CART,2026-04-05 02:01:16,
customer7,samsung-bespoke-4-cửa,CHECKOUT_START,2026-04-05 03:18:09,
customer4,asus-zenbook-14-oled,CHECKOUT_START,2026-04-05 03:31:23,
customer1,macbook-pro-14-m3,ADD_TO_CART,2026-04-05 04:29:07,
customer5,lg-inverter-side-by-side-635l,PURCHASE,2026-04-05 04:58:16,
customer4,iphone-15-pro-max,ADD_TO_CART,2026-04-05 06:00:33,
customer5,xiaomi-14-pro,VIEW,2026-04-05 06:07:23,
customer3,asus-zenbook-14-oled,REVIEW,2026-04-05 08:04:19,
customer10,panasonic-inverter-1hp-cucs-pu9wkh-8m,SHARE,2026-04-05 09:23:39,
customer8,samsung-galaxy-s24-ultra,REVIEW,2026-04-05 09:46:46,
customer6,panasonic-inverter-1hp-cucs-pu9wkh-8m,SHARE,2026-04-05 10:54:18,
customer8,levis-501-original-fit-jeans,RETURN,2026-04-05 11:11:09,
customer3,samsung-bespoke-4-cửa,CLICK_RELATED,2026-04-05 13:06:19,
customer6,adidas-tiro-track-pants,WISHLIST,2026-04-05 13:11:24,
customer3,adidas-essentials-3-stripes-tee,REVIEW,2026-04-05 13:28:03,
customer7,dell-xps-13-plus,CHECKOUT_START,2026-04-05 13:46:48,
customer6,adidas-essentials-3-stripes-tee,SEARCH,2026-04-05 14:10:06,entire
customer5,asus-zenbook-14-oled,SEARCH,2026-04-05 14:21:20,difference
customer9,nike-air-force-1-07,REVIEW,2026-04-05 15:15:31,
customer7,xiaomi-14-pro,PURCHASE,2026-04-05 15:22:10,
customer4,nike-air-force-1-07,SHARE,2026-04-05 16:06:09,
customer7,panasonic-inverter-1hp-cucs-pu9wkh-8m,PURCHASE,2026-04-05 16:19:37,
customer10,iphone-15-pro-max,SHARE,2026-04-05 16:39:59,
customer8,asus-zenbook-14-oled,WISHLIST,2026-04-05 17:24:30,
customer10,lg-inverter-side-by-side-635l,CLICK_RELATED,2026-04-05 20:13:05,
customer3,macbook-pro-14-m3,VIEW,2026-04-05 21:47:21,
customer4,mac-matte-lipstick,ADD_TO_CART,2026-04-05 22:37:38,
customer1,uniqlo-airism-cotton-t-shirt,SHARE,2026-04-05 23:10:37,
customer7,samsung-bespoke-4-cửa,WISHLIST,2026-04-05 23:14:29,
customer7,levis-501-original-fit-jeans,WISHLIST,2026-04-05 23:15:40,
customer8,samsung-galaxy-s24-ultra,VIEW,2026-04-06 00:22:14,
customer10,samsung-bespoke-4-cửa,RETURN,2026-04-06 01:23:55,
customer3,dell-xps-13-plus,VIEW,2026-04-06 01:32:46,
customer10,mac-matte-lipstick,WISHLIST,2026-04-06 02:23:54,
customer5,mac-matte-lipstick,CHECKOUT_START,2026-04-06 04:31:56,
customer4,maybelline-superstay-matte-ink,CLICK_RELATED,2026-04-06 06:10:56,
customer10,dell-xps-13-plus,VIEW,2026-04-06 06:32:09,
customer3,xiaomi-14-pro,REVIEW,2026-04-06 07:58:42,
customer4,macbook-air-13-m2,WISHLIST,2026-04-06 08:26:25,
customer10,loreal-infallible-24h-fresh-wear,SHARE,2026-04-06 08:42:23,
customer1,iphone-15-pro-max,REVIEW,2026-04-06 09:07:45,
customer9,panasonic-inverter-1hp-cucs-pu9wkh-8m,WISHLIST,2026-04-06 09:14:03,
customer2,puma-cali-star,ADD_TO_CART,2026-04-06 09:32:49,
customer5,lg-inverter-side-by-side-635l,PURCHASE,2026-04-06 10:31:52,
customer7,iphone-15-pro-max,CLICK_RELATED,2026-04-06 10:45:12,
customer3,adidas-ultraboost-light,RETURN,2026-04-06 11:03:00,
customer6,levis-501-original-fit-jeans,PURCHASE,2026-04-06 12:03:42,
customer8,nike-dri-fit-academy,ADD_TO_CART,2026-04-06 12:21:03,
customer3,nike-dri-fit-academy,REVIEW,2026-04-06 14:15:07,
customer9,lg-inverter-side-by-side-635l,RETURN,2026-04-06 15:01:12,
customer2,adidas-ultraboost-light,ADD_TO_CART,2026-04-06 15:20:55,
customer7,samsung-galaxy-s24-ultra,ADD_TO_CART,2026-04-06 15:39:35,
customer3,mac-matte-lipstick,WISHLIST,2026-04-06 15:53:25,
customer7,adidas-essentials-3-stripes-tee,CLICK_RELATED,2026-04-06 16:56:45,
customer2,mac-matte-lipstick,ADD_TO_CART,2026-04-06 17:37:39,
customer10,oppo-find-x7-ultra,PURCHASE,2026-04-06 18:10:54,
customer7,xiaomi-14-pro,CLICK_RELATED,2026-04-06 19:02:44,
customer8,maybelline-superstay-matte-ink,CLICK_RELATED,2026-04-06 20:03:45,
customer8,estee-lauder-double-wear,SEARCH,2026-04-06 20:09:00,fall
customer3,uniqlo-airism-cotton-t-shirt,VIEW,2026-04-06 20:15:10,
customer8,adidas-tiro-track-pants,REVIEW,2026-04-06 20:40:50,
customer6,panasonic-inverter-1hp-cucs-pu9wkh-8m,PURCHASE,2026-04-06 21:17:33,
customer10,panasonic-inverter-1hp-cucs-pu9wkh-8m,CLICK_RELATED,2026-04-06 23:12:50,
customer4,puma-cali-star,CLICK_RELATED,2026-04-07 00:14:09,
customer2,oppo-find-x7-ultra,PURCHASE,2026-04-07 00:28:00,
customer8,lg-inverter-side-by-side-635l,RETURN,2026-04-07 04:15:04,
customer2,puma-cali-star,WISHLIST,2026-04-07 05:08:00,
customer4,puma-cali-star,CHECKOUT_START,2026-04-07 06:21:15,
customer8,iphone-15-pro-max,ADD_TO_CART,2026-04-07 07:06:39,
customer3,adidas-essentials-3-stripes-tee,WISHLIST,2026-04-07 07:27:46,
customer4,loreal-infallible-24h-fresh-wear,SEARCH,2026-04-07 08:50:39,put
customer8,lenovo-thinkpad-x1-carbon-gen-11,VIEW,2026-04-07 09:33:29,
customer6,uniqlo-airism-cotton-t-shirt,REVIEW,2026-04-07 09:37:06,
customer8,adidas-essentials-3-stripes-tee,VIEW,2026-04-07 11:47:41,
customer6,panasonic-inverter-1hp-cucs-pu9wkh-8m,RETURN,2026-04-07 12:30:57,
customer5,levis-501-original-fit-jeans,SEARCH,2026-04-07 13:07:49,subject
customer2,lenovo-thinkpad-x1-carbon-gen-11,REVIEW,2026-04-07 13:38:59,
customer6,mac-matte-lipstick,PURCHASE,2026-04-07 16:36:26,
customer6,puma-cali-star,REVIEW,2026-04-07 17:58:14,
customer4,estee-lauder-double-wear,WISHLIST,2026-04-07 20:11:10,
customer1,mac-matte-lipstick,ADD_TO_CART,2026-04-07 21:03:53,
customer8,panasonic-inverter-1hp-cucs-pu9wkh-8m,SHARE,2026-04-07 21:13:58,
customer5,asus-zenbook-14-oled,ADD_TO_CART,2026-04-07 21:42:32,
customer5,nike-dri-fit-academy,SEARCH,2026-04-07 22:37:57,unit
customer8,nike-dri-fit-academy,CHECKOUT_START,2026-04-08 00:04:41,
customer6,macbook-air-13-m2,WISHLIST,2026-04-08 00:34:45,
customer1,xiaomi-14-pro,CHECKOUT_START,2026-04-08 00:47:23,
customer7,dell-xps-13-plus,ADD_TO_CART,2026-04-08 05:31:24,
customer4,puma-cali-star,SEARCH,2026-04-08 05:40:09,material
customer2,adidas-essentials-3-stripes-tee,RETURN,2026-04-08 05:53:50,
customer4,lenovo-thinkpad-x1-carbon-gen-11,ADD_TO_CART,2026-04-08 06:15:34,
customer10,loreal-infallible-24h-fresh-wear,RETURN,2026-04-08 07:01:17,
customer1,puma-cali-star,WISHLIST,2026-04-08 07:28:32,
customer3,nike-dri-fit-academy,SHARE,2026-04-08 10:47:45,
customer8,macbook-air-13-m2,WISHLIST,2026-04-08 11:22:14,
customer1,puma-cali-star,SHARE,2026-04-08 12:59:37,
customer6,adidas-essentials-3-stripes-tee,CHECKOUT_START,2026-04-08 15:12:39,
customer2,mac-matte-lipstick,SHARE,2026-04-08 16:45:14,
customer10,maybelline-superstay-matte-ink,CLICK_RELATED,2026-04-08 17:15:54,
customer3,adidas-ultraboost-light,CLICK_RELATED,2026-04-08 17:17:02,
customer3,adidas-tiro-track-pants,SEARCH,2026-04-08 17:25:02,generation
customer6,levis-501-original-fit-jeans,RETURN,2026-04-08 17:26:36,
customer4,lenovo-thinkpad-x1-carbon-gen-11,PURCHASE,2026-04-08 17:27:56,
customer9,adidas-tiro-track-pants,SEARCH,2026-04-08 17:49:37,expect
customer10,samsung-galaxy-s24-ultra,CHECKOUT_START,2026-04-08 18:22:36,
customer4,asus-zenbook-14-oled,PURCHASE,2026-04-08 18:28:20,
customer1,adidas-ultraboost-light,WISHLIST,2026-04-08 18:36:30,
customer3,xiaomi-14-pro,CLICK_RELATED,2026-04-08 18:54:07,
customer7,nike-air-force-1-07,SEARCH,2026-04-08 18:54:19,me
customer1,dell-xps-13-plus,CLICK_RELATED,2026-04-08 19:53:45,
customer4,samsung-galaxy-s24-ultra,WISHLIST,2026-04-08 20:20:53,
customer2,iphone-15-pro-max,ADD_TO_CART,2026-04-08 21:25:22,
customer2,dell-xps-13-plus,REVIEW,2026-04-08 21:55:22,
customer3,asus-zenbook-14-oled,PURCHASE,2026-04-08 21:59:52,
customer4,loreal-infallible-24h-fresh-wear,REVIEW,2026-04-08 22:38:22,
customer8,samsung-bespoke-4-cửa,ADD_TO_CART,2026-04-08 23:05:48,
customer9,levis-501-original-fit-jeans,WISHLIST,2026-04-09 00:00:57,
customer10,mac-matte-lipstick,SEARCH,2026-04-09 00:30:52,we
customer8,nike-air-force-1-07,VIEW,2026-04-09 01:32:37,
customer5,daikin-inverter-15hp-ftkc35vvmv,SHARE,2026-04-09 04:46:51,
customer4,dell-xps-13-plus,ADD_TO_CART,2026-04-09 05:30:10,
customer10,levis-501-original-fit-jeans,PURCHASE,2026-04-09 06:05:48,
customer1,samsung-bespoke-4-cửa,RETURN,2026-04-09 06:36:13,
customer3,xiaomi-14-pro,PURCHASE,2026-04-09 10:47:46,
customer7,lenovo-thinkpad-x1-carbon-gen-11,SHARE,2026-04-09 12:40:26,
customer3,asus-zenbook-14-oled,RETURN,2026-04-09 12:51:12,
customer5,oppo-find-x7-ultra,VIEW,2026-04-09 13:51:55,
customer6,maybelline-superstay-matte-ink,PURCHASE,2026-04-09 14:49:51,
customer9,samsung-bespoke-4-cửa,CHECKOUT_START,2026-04-09 15:58:33,
customer4,adidas-tiro-track-pants,PURCHASE,2026-04-09 16:35:20,
customer7,lenovo-thinkpad-x1-carbon-gen-11,SEARCH,2026-04-09 17:03:53,high
customer9,loreal-infallible-24h-fresh-wear,VIEW,2026-04-09 18:17:24,
customer6,maybelline-superstay-matte-ink,SEARCH,2026-04-09 18:58:30,weight
customer3,uniqlo-airism-cotton-t-shirt,SHARE,2026-04-09 19:07:13,
customer9,macbook-pro-14-m3,VIEW,2026-04-09 20:33:35,
customer7,daikin-inverter-15hp-ftkc35vvmv,PURCHASE,2026-04-09 20:41:09,
customer8,adidas-ultraboost-light,SEARCH,2026-04-09 20:49:02,should
customer8,loreal-infallible-24h-fresh-wear,PURCHASE,2026-04-09 22:09:43,
customer3,estee-lauder-double-wear,CHECKOUT_START,2026-04-09 22:37:39,
customer4,adidas-tiro-track-pants,SHARE,2026-04-09 22:47:33,
customer2,mac-matte-lipstick,CHECKOUT_START,2026-04-09 22:53:27,
customer1,iphone-15-pro-max,CLICK_RELATED,2026-04-10 00:50:28,
customer10,uniqlo-airism-cotton-t-shirt,CLICK_RELATED,2026-04-10 01:11:36,
customer9,estee-lauder-double-wear,ADD_TO_CART,2026-04-10 01:14:10,
customer9,iphone-15-pro-max,PURCHASE,2026-04-10 01:15:09,
customer4,xiaomi-14-pro,CLICK_RELATED,2026-04-10 01:59:19,
customer9,adidas-essentials-3-stripes-tee,CHECKOUT_START,2026-04-10 02:37:01,
customer10,estee-lauder-double-wear,REVIEW,2026-04-10 03:04:22,
customer10,iphone-15-pro-max,RETURN,2026-04-10 03:29:22,
customer10,mac-matte-lipstick,SEARCH,2026-04-10 03:32:30,general
customer10,mac-matte-lipstick,PURCHASE,2026-04-10 03:41:12,
customer9,asus-zenbook-14-oled,RETURN,2026-04-10 06:19:01,
customer3,nike-dri-fit-academy,SHARE,2026-04-10 06:41:53,
customer5,lenovo-thinkpad-x1-carbon-gen-11,CLICK_RELATED,2026-04-10 07:19:50,
customer1,macbook-air-13-m2,WISHLIST,2026-04-10 07:24:36,
customer10,xiaomi-14-pro,CLICK_RELATED,2026-04-10 08:05:14,
customer4,macbook-air-13-m2,RETURN,2026-04-10 09:11:51,
customer9,levis-501-original-fit-jeans,SEARCH,2026-04-10 10:35:17,various
customer7,loreal-infallible-24h-fresh-wear,CHECKOUT_START,2026-04-10 11:05:08,
customer6,lenovo-thinkpad-x1-carbon-gen-11,SEARCH,2026-04-10 11:10:20,grow
customer1,oppo-find-x7-ultra,RETURN,2026-04-10 11:48:38,
customer4,nike-air-force-1-07,VIEW,2026-04-10 12:08:29,
customer8,panasonic-inverter-1hp-cucs-pu9wkh-8m,REVIEW,2026-04-10 12:36:26,
customer1,xiaomi-14-pro,REVIEW,2026-04-10 15:55:28,
customer1,adidas-tiro-track-pants,CLICK_RELATED,2026-04-10 16:09:42,
customer5,levis-501-original-fit-jeans,CLICK_RELATED,2026-04-10 17:08:00,
customer1,macbook-air-13-m2,WISHLIST,2026-04-10 17:13:55,
customer2,adidas-ultraboost-light,VIEW,2026-04-10 17:35:05,
customer9,lenovo-thinkpad-x1-carbon-gen-11,CLICK_RELATED,2026-04-10 18:53:17,
customer1,oppo-find-x7-ultra,SHARE,2026-04-10 19:15:25,
customer2,maybelline-superstay-matte-ink,SHARE,2026-04-10 19:18:14,
customer3,nike-air-force-1-07,CHECKOUT_START,2026-04-10 19:34:53,
customer10,adidas-ultraboost-light,PURCHASE,2026-04-10 20:06:39,
customer10,nike-dri-fit-academy,WISHLIST,2026-04-10 20:34:07,
customer3,samsung-bespoke-4-cửa,SHARE,2026-04-10 20:43:15,
customer2,daikin-inverter-15hp-ftkc35vvmv,REVIEW,2026-04-10 21:13:51,
customer7,nike-dri-fit-academy,VIEW,2026-04-10 21:14:03,
customer2,levis-501-original-fit-jeans,REVIEW,2026-04-10 23:03:08,
customer4,panasonic-inverter-1hp-cucs-pu9wkh-8m,WISHLIST,2026-04-10 23:03:38,
customer7,xiaomi-14-pro,SHARE,2026-04-10 23:28:38,
customer3,adidas-essentials-3-stripes-tee,RETURN,2026-04-11 02:01:14,
customer3,daikin-inverter-15hp-ftkc35vvmv,WISHLIST,2026-04-11 02:49:33,
customer4,adidas-essentials-3-stripes-tee,CLICK_RELATED,2026-04-11 02:53:27,
customer6,lenovo-thinkpad-x1-carbon-gen-11,PURCHASE,2026-04-11 03:05:58,
customer8,estee-lauder-double-wear,CLICK_RELATED,2026-04-11 03:21:08,
customer3,maybelline-superstay-matte-ink,SEARCH,2026-04-11 04:28:02,care
customer3,dell-xps-13-plus,SHARE,2026-04-11 05:56:25,
customer2,nike-dri-fit-academy,ADD_TO_CART,2026-04-11 06:13:38,
customer9,dell-xps-13-plus,RETURN,2026-04-11 07:04:45,
customer2,adidas-tiro-track-pants,CLICK_RELATED,2026-04-11 08:49:14,
customer2,lenovo-thinkpad-x1-carbon-gen-11,CLICK_RELATED,2026-04-11 09:20:34,
customer10,lenovo-thinkpad-x1-carbon-gen-11,SEARCH,2026-04-11 10:01:58,hair
customer4,mac-matte-lipstick,ADD_TO_CART,2026-04-11 10:16:03,
customer6,iphone-15-pro-max,REVIEW,2026-04-11 11:06:31,
customer10,xiaomi-14-pro,WISHLIST,2026-04-11 11:12:37,
customer4,oppo-find-x7-ultra,CHECKOUT_START,2026-04-11 11:30:54,
customer6,iphone-15-pro-max,PURCHASE,2026-04-11 11:34:20,
customer6,asus-zenbook-14-oled,PURCHASE,2026-04-11 11:46:23,
customer10,lg-inverter-side-by-side-635l,VIEW,2026-04-11 12:09:54,
customer7,lenovo-thinkpad-x1-carbon-gen-11,REVIEW,2026-04-11 13:45:19,
customer2,adidas-ultraboost-light,CHECKOUT_START,2026-04-11 14:09:10,
customer3,oppo-find-x7-ultra,SEARCH,2026-04-11 14:10:18,up
customer4,adidas-essentials-3-stripes-tee,ADD_TO_CART,2026-04-11 14:15:05,
customer9,macbook-pro-14-m3,CLICK_RELATED,2026-04-11 15:22:49,
customer6,daikin-inverter-15hp-ftkc35vvmv,ADD_TO_CART,2026-04-11 16:13:05,
customer1,asus-zenbook-14-oled,SHARE,2026-04-11 16:43:24,
customer9,panasonic-inverter-1hp-cucs-pu9wkh-8m,RETURN,2026-04-11 16:54:46,
customer7,maybelline-superstay-matte-ink,REVIEW,2026-04-11 18:26:50,
customer8,maybelline-superstay-matte-ink,CLICK_RELATED,2026-04-11 18:30:18,
customer6,iphone-15-pro-max,RETURN,2026-04-11 18:44:40,
customer10,dell-xps-13-plus,WISHLIST,2026-04-11 18:52:58,
customer9,dell-xps-13-plus,VIEW,2026-04-11 18:57:50,
customer6,asus-zenbook-14-oled,CLICK_RELATED,2026-04-11 19:21:53,
customer4,loreal-infallible-24h-fresh-wear,CLICK_RELATED,2026-04-11 19:32:12,
customer1,samsung-bespoke-4-cửa,SEARCH,2026-04-11 20:00:51,system
customer1,samsung-galaxy-s24-ultra,CLICK_RELATED,2026-04-11 23:15:23,
customer8,maybelline-superstay-matte-ink,SHARE,2026-04-11 23:59:41,
customer10,oppo-find-x7-ultra,SEARCH,2026-04-12 01:53:26,structure
customer1,dell-xps-13-plus,SHARE,2026-04-12 02:24:07,
customer10,macbook-pro-14-m3,REVIEW,2026-04-12 04:05:55,
customer1,adidas-tiro-track-pants,PURCHASE,2026-04-12 04:36:15,
customer8,daikin-inverter-15hp-ftkc35vvmv,SEARCH,2026-04-12 04:37:00,when
customer4,xiaomi-14-pro,ADD_TO_CART,2026-04-12 04:57:06,
customer1,daikin-inverter-15hp-ftkc35vvmv,CLICK_RELATED,2026-04-12 05:44:56,
customer5,daikin-inverter-15hp-ftkc35vvmv,SEARCH,2026-04-12 07:59:26,prove
customer10,estee-lauder-double-wear,RETURN,2026-04-12 08:21:21,
customer3,panasonic-inverter-1hp-cucs-pu9wkh-8m,CHECKOUT_START,2026-04-12 08:22:51,
customer2,macbook-air-13-m2,SHARE,2026-04-12 08:42:51,
customer7,adidas-ultraboost-light,VIEW,2026-04-12 09:38:24,
customer10,levis-501-original-fit-jeans,WISHLIST,2026-04-12 09:51:09,
customer3,maybelline-superstay-matte-ink,SEARCH,2026-04-12 10:14:39,worker
customer4,samsung-bespoke-4-cửa,ADD_TO_CART,2026-04-12 10:19:39,
customer1,lenovo-thinkpad-x1-carbon-gen-11,PURCHASE,2026-04-12 11:32:45,
customer5,xiaomi-14-pro,SHARE,2026-04-12 11:55:27,
customer9,lg-inverter-side-by-side-635l,WISHLIST,2026-04-12 12:05:21,
customer6,adidas-essentials-3-stripes-tee,REVIEW,2026-04-12 12:26:04,
customer3,puma-cali-star,SEARCH,2026-04-12 13:40:14,pretty
customer2,oppo-find-x7-ultra,REVIEW,2026-04-12 14:19:50,
customer5,xiaomi-14-pro,PURCHASE,2026-04-12 14:59:53,
customer5,mac-matte-lipstick,CLICK_RELATED,2026-04-12 15:21:52,
customer1,adidas-essentials-3-stripes-tee,CLICK_RELATED,2026-04-12 16:01:17,
customer6,adidas-essentials-3-stripes-tee,RETURN,2026-04-12 17:21:18,
customer2,estee-lauder-double-wear,REVIEW,2026-04-12 17:38:49,
customer3,nike-dri-fit-academy,CLICK_RELATED,2026-04-12 17:58:15,
customer10,panasonic-inverter-1hp-cucs-pu9wkh-8m,VIEW,2026-04-12 18:18:05,
customer4,loreal-infallible-24h-fresh-wear,SHARE,2026-04-12 18:43:48,
customer10,estee-lauder-double-wear,RETURN,2026-04-12 20:58:09,
customer4,adidas-essentials-3-stripes-tee,SHARE,2026-04-12 21:04:40,
customer7,levis-501-original-fit-jeans,SHARE,2026-04-12 21:09:14,
customer7,macbook-air-13-m2,PURCHASE,2026-04-12 21:20:47,
customer6,mac-matte-lipstick,ADD_TO_CART,2026-04-12 21:28:47,
customer7,adidas-essentials-3-stripes-tee,CLICK_RELATED,2026-04-12 22:34:14,
customer9,maybelline-superstay-matte-ink,VIEW,2026-04-12 23:51:09,
customer10,puma-cali-star,SHARE,2026-04-13 00:16:42,
customer2,mac-matte-lipstick,CLICK_RELATED,2026-04-13 01:02:49,
customer5,iphone-15-pro-max,SHARE,2026-04-13 02:36:59,
customer6,dell-xps-13-plus,CHECKOUT_START,2026-04-13 02:43:32,
customer7,puma-cali-star,SEARCH,2026-04-13 03:13:01,film
customer10,mac-matte-lipstick,RETURN,2026-04-13 03:19:52,
customer8,asus-zenbook-14-oled,CLICK_RELATED,2026-04-13 03:40:35,
customer1,estee-lauder-double-wear,SEARCH,2026-04-13 03:54:09,natural
customer3,uniqlo-airism-cotton-t-shirt,CHECKOUT_START,2026-04-13 04:07:23,
customer4,lenovo-thinkpad-x1-carbon-gen-11,SEARCH,2026-04-13 05:54:19,either
customer4,loreal-infallible-24h-fresh-wear,RETURN,2026-04-13 06:25:51,
customer4,adidas-essentials-3-stripes-tee,ADD_TO_CART,2026-04-13 06:46:58,
customer9,uniqlo-airism-cotton-t-shirt,CLICK_RELATED,2026-04-13 06:47:12,
customer9,adidas-tiro-track-pants,WISHLIST,2026-04-13 07:01:52,
customer8,estee-lauder-double-wear,CHECKOUT_START,2026-04-13 07:28:05,
customer4,daikin-inverter-15hp-ftkc35vvmv,WISHLIST,2026-04-13 08:45:54,
customer8,panasonic-inverter-1hp-cucs-pu9wkh-8m,ADD_TO_CART,2026-04-13 09:18:12,
customer9,nike-dri-fit-academy,WISHLIST,2026-04-13 09:28:24,
customer5,maybelline-superstay-matte-ink,SEARCH,2026-04-13 10:25:05,race
customer3,estee-lauder-double-wear,SHARE,2026-04-13 11:13:41,
customer4,estee-lauder-double-wear,VIEW,2026-04-13 12:19:27,
customer9,estee-lauder-double-wear,CLICK_RELATED,2026-04-13 13:28:18,
customer9,macbook-pro-14-m3,CLICK_RELATED,2026-04-13 16:33:09,
customer9,nike-air-force-1-07,SHARE,2026-04-13 17:52:55,
customer1,lenovo-thinkpad-x1-carbon-gen-11,CHECKOUT_START,2026-04-13 19:02:41,
customer7,levis-501-original-fit-jeans,REVIEW,2026-04-13 19:51:42,
customer8,lenovo-thinkpad-x1-carbon-gen-11,SEARCH,2026-04-13 20:01:41,hair
customer6,macbook-pro-14-m3,REVIEW,2026-04-13 20:19:33,
customer5,puma-cali-star,ADD_TO_CART,2026-04-13 20:27:34,
customer8,adidas-ultraboost-light,WISHLIST,2026-04-13 21:16:41,
customer2,daikin-inverter-15hp-ftkc35vvmv,ADD_TO_CART,2026-04-13 21:32:32,
customer2,panasonic-inverter-1hp-cucs-pu9wkh-8m,ADD_TO_CART,2026-04-13 21:32:36,
customer5,puma-cali-star,RETURN,2026-04-13 21:56:57,
customer6,iphone-15-pro-max,RETURN,2026-04-13 22:44:33,
customer8,adidas-tiro-track-pants,CLICK_RELATED,2026-04-13 23:45:58,
customer7,adidas-tiro-track-pants,RETURN,2026-04-14 00:13:46,
customer9,macbook-air-13-m2,WISHLIST,2026-04-14 00:33:28,
customer3,levis-501-original-fit-jeans,WISHLIST,2026-04-14 00:54:37,
customer6,levis-501-original-fit-jeans,VIEW,2026-04-14 00:57:50,
customer6,adidas-ultraboost-light,PURCHASE,2026-04-14 00:59:46,
customer1,levis-501-original-fit-jeans,CLICK_RELATED,2026-04-14 02:12:06,
customer10,estee-lauder-double-wear,SHARE,2026-04-14 02:51:20,
customer5,levis-501-original-fit-jeans,CLICK_RELATED,2026-04-14 03:34:39,
customer1,macbook-air-13-m2,VIEW,2026-04-14 03:38:40,
customer6,samsung-bespoke-4-cửa,SHARE,2026-04-14 04:37:53,
customer1,nike-air-force-1-07,REVIEW,2026-04-14 04:39:20,
customer1,macbook-air-13-m2,CHECKOUT_START,2026-04-14 06:43:01,
customer3,xiaomi-14-pro,PURCHASE,2026-04-14 07:02:33,
customer2,maybelline-superstay-matte-ink,REVIEW,2026-04-14 07:38:17,
customer4,nike-air-force-1-07,SEARCH,2026-04-14 07:43:14,instead
customer3,nike-air-force-1-07,PURCHASE,2026-04-14 08:49:44,
customer3,estee-lauder-double-wear,ADD_TO_CART,2026-04-14 08:59:33,
customer7,asus-zenbook-14-oled,REVIEW,2026-04-14 12:22:44,
customer6,lenovo-thinkpad-x1-carbon-gen-11,CLICK_RELATED,2026-04-14 12:30:57,
customer3,samsung-galaxy-s24-ultra,RETURN,2026-04-14 13:22:33,
customer4,maybelline-superstay-matte-ink,ADD_TO_CART,2026-04-14 14:49:18,
customer3,mac-matte-lipstick,CLICK_RELATED,2026-04-14 14:57:16,
customer7,adidas-tiro-track-pants,SEARCH,2026-04-14 17:35:33,wide
customer4,macbook-air-13-m2,SEARCH,2026-04-14 19:50:19,last
customer7,adidas-tiro-track-pants,ADD_TO_CART,2026-04-14 20:30:39,
customer7,nike-dri-fit-academy,VIEW,2026-04-14 20:34:25,
customer1,xiaomi-14-pro,CLICK_RELATED,2026-04-14 21:07:40,
customer6,lg-inverter-side-by-side-635l,REVIEW,2026-04-14 21:12:59,
customer1,lg-inverter-side-by-side-635l,CLICK_RELATED,2026-04-14 22:34:11,
customer4,iphone-15-pro-max,REVIEW,2026-04-14 23:11:58,
customer1,dell-xps-13-plus,SHARE,2026-04-14 23:13:17,
customer10,maybelline-superstay-matte-ink,PURCHASE,2026-04-14 23:17:12,
customer3,daikin-inverter-15hp-ftkc35vvmv,CHECKOUT_START,2026-04-14 23:23:33,
customer8,uniqlo-airism-cotton-t-shirt,PURCHASE,2026-04-14 23:52:22,
customer5,nike-dri-fit-academy,VIEW,2026-04-15 00:36:29,
customer9,samsung-bespoke-4-cửa,SEARCH,2026-04-15 01:13:48,instead
customer1,estee-lauder-double-wear,WISHLIST,2026-04-15 01:22:14,
customer2,oppo-find-x7-ultra,CHECKOUT_START,2026-04-15 03:17:25,
customer7,samsung-bespoke-4-cửa,CLICK_RELATED,2026-04-15 03:34:49,
customer7,macbook-air-13-m2,RETURN,2026-04-15 06:45:53,
customer5,nike-air-force-1-07,CHECKOUT_START,2026-04-15 07:16:39,
customer10,puma-cali-star,RETURN,2026-04-15 08:16:28,
customer6,nike-air-force-1-07,ADD_TO_CART,2026-04-15 09:38:37,
customer4,lg-inverter-side-by-side-635l,RETURN,2026-04-15 10:44:56,
customer10,lenovo-thinkpad-x1-carbon-gen-11,VIEW,2026-04-15 11:11:38,
customer1,samsung-bespoke-4-cửa,SHARE,2026-04-15 11:45:18,
customer7,asus-zenbook-14-oled,ADD_TO_CART,2026-04-15 13:28:49,
customer10,lg-inverter-side-by-side-635l,VIEW,2026-04-15 15:05:15,
customer5,adidas-ultraboost-light,SHARE,2026-04-15 15:36:30,
customer4,adidas-ultraboost-light,REVIEW,2026-04-15 16:34:14,
customer4,uniqlo-airism-cotton-t-shirt,REVIEW,2026-04-15 16:48:55,
customer8,adidas-essentials-3-stripes-tee,SEARCH,2026-04-15 18:58:32,picture
customer9,loreal-infallible-24h-fresh-wear,CHECKOUT_START,2026-04-15 20:30:24,
customer1,maybelline-superstay-matte-ink,SHARE,2026-04-15 22:30:50,
customer10,adidas-ultraboost-light,VIEW,2026-04-15 23:59:24,
customer7,panasonic-inverter-1hp-cucs-pu9wkh-8m,ADD_TO_CART,2026-04-16 00:11:32,
customer4,samsung-bespoke-4-cửa,VIEW,2026-04-16 01:38:10,
customer1,uniqlo-airism-cotton-t-shirt,RETURN,2026-04-16 02:17:53,
customer7,puma-cali-star,REVIEW,2026-04-16 02:32:10,
customer7,adidas-ultraboost-light,REVIEW,2026-04-16 02:32:34,
customer5,macbook-pro-14-m3,ADD_TO_CART,2026-04-16 04:22:37,
customer7,oppo-find-x7-ultra,VIEW,2026-04-16 04:25:21,
customer4,adidas-essentials-3-stripes-tee,WISHLIST,2026-04-16 05:26:40,
customer5,daikin-inverter-15hp-ftkc35vvmv,PURCHASE,2026-04-16 06:01:42,
customer8,daikin-inverter-15hp-ftkc35vvmv,ADD_TO_CART,2026-04-16 06:02:30,
customer7,levis-501-original-fit-jeans,REVIEW,2026-04-16 06:02:51,
customer6,adidas-ultraboost-light,SHARE,2026-04-16 08:03:22,
customer3,adidas-ultraboost-light,CLICK_RELATED,2026-04-16 08:27:57,
customer8,uniqlo-airism-cotton-t-shirt,ADD_TO_CART,2026-04-16 08:28:49,
customer6,nike-air-force-1-07,CHECKOUT_START,2026-04-16 08:32:51,
customer10,xiaomi-14-pro,WISHLIST,2026-04-16 09:20:42,
customer1,nike-dri-fit-academy,REVIEW,2026-04-16 10:07:08,
customer5,levis-501-original-fit-jeans,PURCHASE,2026-04-16 10:44:46,
customer7,levis-501-original-fit-jeans,RETURN,2026-04-16 10:48:06,
customer3,adidas-tiro-track-pants,PURCHASE,2026-04-16 11:04:17,
customer2,asus-zenbook-14-oled,ADD_TO_CART,2026-04-16 11:13:16,
customer6,adidas-tiro-track-pants,REVIEW,2026-04-16 11:58:57,
customer9,panasonic-inverter-1hp-cucs-pu9wkh-8m,ADD_TO_CART,2026-04-16 12:03:17,
customer6,lenovo-thinkpad-x1-carbon-gen-11,VIEW,2026-04-16 12:09:05,
customer4,adidas-essentials-3-stripes-tee,RETURN,2026-04-16 12:11:53,
customer4,samsung-bespoke-4-cửa,CHECKOUT_START,2026-04-16 12:51:12,
customer5,xiaomi-14-pro,WISHLIST,2026-04-16 13:03:08,
customer1,adidas-ultraboost-light,PURCHASE,2026-04-16 13:33:36,
customer8,nike-dri-fit-academy,ADD_TO_CART,2026-04-16 14:03:31,
customer5,macbook-pro-14-m3,REVIEW,2026-04-16 15:25:57,
customer2,mac-matte-lipstick,RETURN,2026-04-16 15:53:48,
customer2,adidas-essentials-3-stripes-tee,ADD_TO_CART,2026-04-16 15:55:02,
customer7,maybelline-superstay-matte-ink,CLICK_RELATED,2026-04-16 16:37:27,
customer6,dell-xps-13-plus,WISHLIST,2026-04-16 16:52:16,
customer5,iphone-15-pro-max,REVIEW,2026-04-16 18:11:26,
customer10,macbook-air-13-m2,SEARCH,2026-04-16 18:37:56,kind
customer3,maybelline-superstay-matte-ink,RETURN,2026-04-16 19:07:39,
customer1,daikin-inverter-15hp-ftkc35vvmv,CLICK_RELATED,2026-04-16 19:23:17,
customer9,iphone-15-pro-max,WISHLIST,2026-04-16 20:01:10,
customer6,adidas-ultraboost-light,VIEW,2026-04-16 22:02:47,
customer1,lenovo-thinkpad-x1-carbon-gen-11,SHARE,2026-04-16 22:07:21,
customer7,macbook-air-13-m2,RETURN,2026-04-16 23:37:00,
customer5,nike-dri-fit-academy,CHECKOUT_START,2026-04-17 00:17:49,
customer3,samsung-galaxy-s24-ultra,ADD_TO_CART,2026-04-17 00:38:18,
customer10,loreal-infallible-24h-fresh-wear,VIEW,2026-04-17 00:54:17,
customer4,adidas-essentials-3-stripes-tee,ADD_TO_CART,2026-04-17 00:58:42,
customer3,panasonic-inverter-1hp-cucs-pu9wkh-8m,CLICK_RELATED,2026-04-17 01:30:12,
customer9,xiaomi-14-pro,REVIEW,2026-04-17 01:59:59,
customer6,uniqlo-airism-cotton-t-shirt,REVIEW,2026-04-17 02:29:01,
customer4,samsung-bespoke-4-cửa,CLICK_RELATED,2026-04-17 02:45:35,
customer3,puma-cali-star,SEARCH,2026-04-17 02:50:49,bad
customer6,adidas-ultraboost-light,REVIEW,2026-04-17 02:54:12,
customer8,loreal-infallible-24h-fresh-wear,RETURN,2026-04-17 03:28:04,
customer10,uniqlo-airism-cotton-t-shirt,WISHLIST,2026-04-17 04:16:54,
customer9,asus-zenbook-14-oled,ADD_TO_CART,2026-04-17 04:17:03,
customer5,adidas-tiro-track-pants,WISHLIST,2026-04-17 04:26:21,
customer9,nike-dri-fit-academy,CHECKOUT_START,2026-04-17 04:34:19,
customer9,samsung-galaxy-s24-ultra,ADD_TO_CART,2026-04-17 05:40:00,
customer9,oppo-find-x7-ultra,VIEW,2026-04-17 05:53:16,
customer10,levis-501-original-fit-jeans,PURCHASE,2026-04-17 06:33:23,
customer7,maybelline-superstay-matte-ink,PURCHASE,2026-04-17 07:14:47,
customer10,daikin-inverter-15hp-ftkc35vvmv,SHARE,2026-04-17 07:16:22,
customer9,xiaomi-14-pro,VIEW,2026-04-17 08:37:22,
customer7,panasonic-inverter-1hp-cucs-pu9wkh-8m,PURCHASE,2026-04-17 09:09:15,
customer6,oppo-find-x7-ultra,SEARCH,2026-04-17 10:55:28,physical
customer2,nike-dri-fit-academy,PURCHASE,2026-04-17 12:02:27,
customer2,lg-inverter-side-by-side-635l,SEARCH,2026-04-17 13:13:59,act
customer5,nike-air-force-1-07,SEARCH,2026-04-17 13:37:38,decide
customer7,uniqlo-airism-cotton-t-shirt,SEARCH,2026-04-17 13:46:14,nothing
customer6,maybelline-superstay-matte-ink,SEARCH,2026-04-17 15:29:06,fly
customer4,mac-matte-lipstick,ADD_TO_CART,2026-04-17 15:39:52,
customer4,xiaomi-14-pro,CLICK_RELATED,2026-04-17 16:48:05,
customer10,levis-501-original-fit-jeans,RETURN,2026-04-17 17:17:37,
customer10,macbook-pro-14-m3,CHECKOUT_START,2026-04-17 18:15:59,
customer3,macbook-air-13-m2,SEARCH,2026-04-17 19:05:19,stay
customer10,macbook-air-13-m2,SHARE,2026-04-17 20:32:31,
customer3,macbook-pro-14-m3,SEARCH,2026-04-17 20:44:53,your
customer8,lg-inverter-side-by-side-635l,SHARE,2026-04-17 22:13:50,
customer2,macbook-pro-14-m3,WISHLIST,2026-04-17 22:47:06,
customer7,loreal-infallible-24h-fresh-wear,CLICK_RELATED,2026-04-17 22:54:13,
customer4,estee-lauder-double-wear,CHECKOUT_START,2026-04-17 23:26:57,
customer8,asus-zenbook-14-oled,CLICK_RELATED,2026-04-17 23:39:08,
customer7,oppo-find-x7-ultra,SEARCH,2026-04-18 01:02:34,part
customer7,macbook-air-13-m2,VIEW,2026-04-18 01:55:19,
customer2,adidas-ultraboost-light,RETURN,2026-04-18 04:33:45,
customer3,maybelline-superstay-matte-ink,CHECKOUT_START,2026-04-18 05:53:05,
customer2,mac-matte-lipstick,REVIEW,2026-04-18 06:26:04,
customer8,estee-lauder-double-wear,VIEW,2026-04-18 06:27:26,
customer1,lg-inverter-side-by-side-635l,REVIEW,2026-04-18 06:34:52,
customer7,nike-air-force-1-07,VIEW,2026-04-18 07:06:21,
customer7,macbook-pro-14-m3,CHECKOUT_START,2026-04-18 07:30:11,
customer6,lenovo-thinkpad-x1-carbon-gen-11,SEARCH,2026-04-18 08:00:28,professional
customer8,loreal-infallible-24h-fresh-wear,CLICK_RELATED,2026-04-18 08:23:36,
customer10,levis-501-original-fit-jeans,WISHLIST,2026-04-18 09:56:45,
customer10,samsung-galaxy-s24-ultra,CLICK_RELATED,2026-04-18 10:13:08,
customer9,adidas-ultraboost-light,SHARE,2026-04-18 10:31:24,
customer8,nike-dri-fit-academy,VIEW,2026-04-18 11:23:20,
customer9,macbook-air-13-m2,RETURN,2026-04-18 11:27:38,
customer2,samsung-galaxy-s24-ultra,PURCHASE,2026-04-18 12:09:55,
customer1,puma-cali-star,CHECKOUT_START,2026-04-18 13:17:26,
customer7,samsung-bespoke-4-cửa,WISHLIST,2026-04-18 14:24:08,
customer6,maybelline-superstay-matte-ink,RETURN,2026-04-18 15:35:40,
customer2,puma-cali-star,REVIEW,2026-04-18 15:45:25,
customer9,adidas-ultraboost-light,RETURN,2026-04-18 16:13:52,
customer8,samsung-galaxy-s24-ultra,ADD_TO_CART,2026-04-18 16:20:44,
customer6,macbook-pro-14-m3,SHARE,2026-04-18 16:49:17,
customer7,macbook-air-13-m2,CLICK_RELATED,2026-04-18 17:41:16,
customer1,macbook-pro-14-m3,RETURN,2026-04-18 19:33:41,
customer7,dell-xps-13-plus,RETURN,2026-04-18 19:46:38,
customer5,dell-xps-13-plus,SEARCH,2026-04-18 21:09:31,once
customer5,uniqlo-airism-cotton-t-shirt,WISHLIST,2026-04-18 21:24:39,
customer10,lg-inverter-side-by-side-635l,CLICK_RELATED,2026-04-18 22:16:25,
customer1,dell-xps-13-plus,SHARE,2026-04-18 22:38:52,
customer5,daikin-inverter-15hp-ftkc35vvmv,REVIEW,2026-04-18 22:53:02,
customer9,lg-inverter-side-by-side-635l,RETURN,2026-04-18 23:20:22,
customer9,oppo-find-x7-ultra,VIEW,2026-04-18 23:42:11,
customer2,dell-xps-13-plus,CLICK_RELATED,2026-04-19 01:20:04,
customer9,estee-lauder-double-wear,WISHLIST,2026-04-19 01:34:24,
customer5,lg-inverter-side-by-side-635l,CHECKOUT_START,2026-04-19 02:00:44,
customer6,puma-cali-star,REVIEW,2026-04-19 03:34:10,
customer3,samsung-bespoke-4-cửa,PURCHASE,2026-04-19 04:23:40,
customer7,oppo-find-x7-ultra,CLICK_RELATED,2026-04-19 04:59:44,
customer4,lg-inverter-side-by-side-635l,SEARCH,2026-04-19 05:00:21,smile
customer3,oppo-find-x7-ultra,SHARE,2026-04-19 05:59:23,
customer2,adidas-essentials-3-stripes-tee,RETURN,2026-04-19 06:16:03,
customer5,adidas-essentials-3-stripes-tee,RETURN,2026-04-19 06:18:01,
customer1,adidas-ultraboost-light,ADD_TO_CART,2026-04-19 06:35:46,
customer5,asus-zenbook-14-oled,REVIEW,2026-04-19 06:47:07,
customer8,uniqlo-airism-cotton-t-shirt,RETURN,2026-04-19 08:29:33,
customer5,iphone-15-pro-max,PURCHASE,2026-04-19 10:03:17,
customer2,lenovo-thinkpad-x1-carbon-gen-11,ADD_TO_CART,2026-04-19 11:15:34,
customer6,dell-xps-13-plus,RETURN,2026-04-19 13:07:55,
customer5,daikin-inverter-15hp-ftkc35vvmv,SHARE,2026-04-19 14:34:10,
customer10,nike-air-force-1-07,ADD_TO_CART,2026-04-19 15:06:24,
customer3,estee-lauder-double-wear,RETURN,2026-04-19 15:07:16,
customer4,mac-matte-lipstick,SHARE,2026-04-19 16:24:26,
customer1,puma-cali-star,RETURN,2026-04-19 17:38:44,
customer4,adidas-tiro-track-pants,ADD_TO_CART,2026-04-19 18:00:50,
customer8,lg-inverter-side-by-side-635l,WISHLIST,2026-04-19 18:08:26,
customer1,levis-501-original-fit-jeans,RETURN,2026-04-19 18:27:45,
customer4,adidas-essentials-3-stripes-tee,VIEW,2026-04-19 18:32:29,
customer9,xiaomi-14-pro,PURCHASE,2026-04-19 19:13:26,
customer1,oppo-find-x7-ultra,SHARE,2026-04-19 21:06:58,
customer8,maybelline-superstay-matte-ink,SHARE,2026-04-19 21:13:52,
customer4,macbook-air-13-m2,CLICK_RELATED,2026-04-19 22:00:03,
customer4,maybelline-superstay-matte-ink,REVIEW,2026-04-19 22:49:02,
customer6,samsung-bespoke-4-cửa,SHARE,2026-04-19 23:54:54,
customer8,uniqlo-airism-cotton-t-shirt,REVIEW,2026-04-20 00:23:08,
customer9,uniqlo-airism-cotton-t-shirt,RETURN,2026-04-20 01:31:16,
customer10,mac-matte-lipstick,VIEW,2026-04-20 04:51:22,
customer10,mac-matte-lipstick,SHARE,2026-04-20 05:19:09,
customer8,dell-xps-13-plus,CHECKOUT_START,2026-04-20 07:07:18,
